{
    "train": {
        "accuracy": 9.154565176115314,
        "loss": 0.5227817165036712
    },
    "val": {
        "accuracy": 9.740660787382314,
        "loss": 0.4998532541547357
    },
    "step": 9
}
