step	accuracy
0	0.08870791810331136
1	1.763350787077774
2	2.5402110449522723
3	3.740027022163477
4	4.280333594215318
5	5.670186162434944
6	6.405534932936821
7	7.017087016351454
8	8.57609796685681
9	9.154565176115314
